Customer_ID,Polciy_Holder_Name,Mobile_Number,Customer_Area,District
CUST10000,Aryan Maharaj,6227680402,Samba,Samba
CUST10001,Udant Dewan,6165258086,Bahu Plaza,Jammu
CUST10002,Gagan Sami,6930086875,Canal Road,Jammu
CUST10003,Ayushman Chander,7586857022,Doda,Doda
CUST10004,Viraj Tiwari,6126332296,Trikuta Nagar,Jammu
CUST10005,Rushil Saini,6713965687,Marh,Jammu
CUST10006,Saumya Mall,6322983639,Talab Tillo,Jammu
CUST10007,Nathaniel Sami,7252583295,Narwal,Jammu
CUST10008,Arunima Dugal,6167403959,Trikuta Nagar,Jammu
CUST10009,Gayathri Chaudry,6765261449,Katra,Reasi
CUST10010,Lajita Chatterjee,7519826617,Rajouri,Rajouri
CUST10011,Hemangini Lalla,9503098830,Bishnah,Jammu
CUST10012,Tripti Yadav,9040771452,Rajouri,Rajouri
CUST10013,Kritika Brar,7257239645,Katra,Reasi
CUST10014,Janaki Handa,6352206298,Channi Himmat,Jammu
CUST10015,Chakradev Kari,6621954781,Trikuta Nagar,Jammu
CUST10016,Fariq Kaul,7447690438,Trikuta Nagar,Jammu
CUST10017,Lajita Mall,6442294850,Janipur,Jammu
CUST10018,Janya Gaba,9998142403,Padder,Kishtwar
CUST10019,Isha Kadakia,7744995712,Bhaderwah,Doda
CUST10020,Ekbal Garg,8570558190,Banihal,Ramban
CUST10021,Nihal Shere,8621825645,Bakshi Nagar,Jammu
CUST10022,Anamika Kanda,9272362370,Akhnoor,Jammu
CUST10023,Daksh Karnik,9902298831,Narwal,Jammu
CUST10024,Diya Rattan,8696082691,Reasi,Reasi
CUST10025,Dominic Kakar,6526726249,Channi Himmat,Jammu
CUST10026,Simon Tata,6420762754,Katra,Reasi
CUST10027,Tara Dhar,6895851138,Gandhi Nagar,Jammu
CUST10028,Liam Koshy,9822178461,Billawar,Kathua
CUST10029,Priya Rastogi,9988073988,Mendhar,Poonch
CUST10030,Theodore Devi,7718828437,Udhampur,Udhampur
CUST10031,Gavin Batta,6138926395,Talab Tillo,Jammu
CUST10032,Michael Dutta,6919214736,Surankote,Poonch
CUST10033,Devansh Rajan,7527095776,Akhnoor,Jammu
CUST10034,Upadhriti Wadhwa,6633873344,Canal Road,Jammu
CUST10035,Advay Contractor,6496963502,Rehari,Jammu
CUST10036,Harini Choudhury,8644249710,Satwari,Jammu
CUST10037,Radhika Dugar,8387621024,Akhnoor,Jammu
CUST10038,Aarush Lall,6461642607,Katra,Reasi
CUST10039,Yashica Cherian,6419502848,Hiranagar,Kathua
CUST10040,Yashica Issac,9598675858,Vijaypur,Samba
CUST10041,Kashvi Edwin,7226756202,Kathua,Kathua
CUST10042,Ekiya Suresh,7512670454,Janipur,Jammu
CUST10043,Isaac Patil,7956873037,Talab Tillo,Jammu
CUST10044,Wriddhish Bhardwaj,9475622403,Katra,Reasi
CUST10045,Farhan Chada,7141603506,Bari Brahmana,Samba
CUST10046,Ekapad Walia,7032373782,Shastri Nagar,Jammu
CUST10047,Kabir Soman,6593676791,Trikuta Nagar,Jammu
CUST10048,Alka Wable,6165267167,Gandhi Nagar,Jammu
CUST10049,Siddharth Zacharia,9910369370,Channi Himmat,Jammu
CUST10050,Devika Rastogi,8178619734,Bari Brahmana,Samba
CUST10051,Raksha Varughese,8388196874,Jewel Chowk,Jammu
CUST10052,Jai Kota,9285447288,Kathua,Kathua
CUST10053,Devansh Nigam,9246308127,Trikuta Nagar,Jammu
CUST10054,Victor Kannan,9720907476,Canal Road,Jammu
CUST10055,Ekavir Bhargava,7702635454,Samba,Samba
CUST10056,Ekansh Balay,7722111571,Lakhanpur,Kathua
CUST10057,Ekavir Varkey,7795211210,Talab Tillo,Jammu
CUST10058,Arya Sunder,7956184854,Akhnoor,Jammu
CUST10059,Kevin Solanki,6094840601,Satwari,Jammu
CUST10060,Urvashi Ray,7917672544,R.S. Pura,Jammu
CUST10061,Girindra Chatterjee,9366792261,Katra,Reasi
CUST10062,Irya Sampath,6045227746,Bakshi Nagar,Jammu
CUST10063,Unni Bhagat,9669456980,Poonch,Poonch
CUST10064,Darsh Rau,7752166954,Bakshi Nagar,Jammu
CUST10065,Ikbal Kothari,6432098599,Trikuta Nagar,Jammu
CUST10066,Ranveer Yadav,7074691564,Bari Brahmana,Samba
CUST10067,Logan Sami,7368362985,Trikuta Nagar,Jammu
CUST10068,Arya Shere,7394596541,Narwal,Jammu
CUST10069,Faqid Savant,9672594619,Canal Road,Jammu
CUST10070,Chandresh Zachariah,6155099418,Marh,Jammu
CUST10071,Girik Khalsa,8528925395,Bahu Plaza,Jammu
CUST10072,Niharika Sunder,9274958225,Rajouri,Rajouri
CUST10073,Tanay Rattan,7153554316,Padder,Kishtwar
CUST10074,Nitesh Raghavan,6707783689,R.S. Pura,Jammu
CUST10075,Madhavi Lanka,6558845474,Bahu Plaza,Jammu
CUST10076,Bhavika Sampath,6493668883,Vijaypur,Samba
CUST10077,Mohammed Gupta,8780069974,Rehari,Jammu
CUST10078,Teerth Bhardwaj,8846907231,Trikuta Nagar,Jammu
CUST10079,Dipta Bhandari,8710862914,Akhnoor,Jammu
CUST10080,Vansha Thakkar,7089614356,Janipur,Jammu
CUST10081,Dakshesh Trivedi,7813425592,Satwari,Jammu
CUST10082,Quincy Biswas,8256706492,Doda,Doda
CUST10083,Wahab Raval,8366676869,Udhampur,Udhampur
CUST10084,Yatin Baral,7457027115,Samba,Samba
CUST10085,Oni Virk,8982848731,Doda,Doda
CUST10086,Advika Jayaraman,6987998370,Banihal,Ramban
CUST10087,William Lanka,7665891208,Bishnah,Jammu
CUST10088,Karan Mital,9208934193,Bishnah,Jammu
CUST10089,Diya Bora,6814679471,Bahu Plaza,Jammu
CUST10090,Tara Chaudhry,6449034980,Satwari,Jammu
CUST10091,Tanay Toor,8933118466,Bari Brahmana,Samba
CUST10092,Kevin Palla,6721507228,Marh,Jammu
CUST10093,Yash Pingle,6908112160,Rehari,Jammu
CUST10094,Nakul Sarma,9231075747,Gandhi Nagar,Jammu
CUST10095,Abhiram Mistry,6590785490,Akhnoor,Jammu
CUST10096,Krish Lalla,7649006026,Bahu Plaza,Jammu
CUST10097,Hredhaan Dugal,7954607867,Bishnah,Jammu
CUST10098,Baghyawati Kade,6423440463,Ghagwal,Samba
CUST10099,Samar Lalla,9080078555,Shastri Nagar,Jammu
CUST10100,Zayan Behl,6367879635,Rehari,Jammu
CUST10101,Pallavi Malhotra,8218375889,Talab Tillo,Jammu
CUST10102,Aarush Nath,8609821733,Chenani,Udhampur
CUST10103,Adweta Edwin,9541607243,Gandhi Nagar,Jammu
CUST10104,Prisha Andra,8750016626,Jewel Chowk,Jammu
CUST10105,Faqid Dixit,7271426460,Bahu Plaza,Jammu
CUST10106,Kala Divan,8032123071,Jewel Chowk,Jammu
CUST10107,Joshua Barman,8588080098,Jewel Chowk,Jammu
CUST10108,Janya Baral,8741038689,R.S. Pura,Jammu
CUST10109,Shivansh Krish,9255333315,Trikuta Nagar,Jammu
CUST10110,Irya Ray,8937882116,Channi Himmat,Jammu
CUST10111,Warjas Gaba,8174774956,Hiranagar,Kathua
CUST10112,Nitara Bakshi,9610432053,Arnia,Jammu
CUST10113,Gaurangi Sabharwal,6808865457,Narwal,Jammu
CUST10114,Amara Dutta,7863410183,Nowshera,Rajouri
CUST10115,Lavanya Barad,8124451324,Ghagwal,Samba
CUST10116,Tristan Iyengar,8760062769,Rehari,Jammu
CUST10117,Inaya Mody,7513963593,Katra,Reasi
CUST10118,Udant Bajwa,9868765643,Jewel Chowk,Jammu
CUST10119,Mohini Narasimhan,6294210817,Canal Road,Jammu
CUST10120,Ekaraj Mallick,9037131878,Reasi,Reasi
CUST10121,Yashodhara Ratta,7462427453,Bakshi Nagar,Jammu
CUST10122,Ayaan D’Alia,7839942359,Udhampur,Udhampur
CUST10123,Pranav Lanka,9126851882,Chenani,Udhampur
CUST10124,Ikbal Saraf,7914924300,Hiranagar,Kathua
CUST10125,Dipta Sarin,6930986712,Bahu Plaza,Jammu
CUST10126,Lekha Gupta,8174002857,Ramnagar,Udhampur
CUST10127,Chaitanya Sarin,6230474195,Akhnoor,Jammu
CUST10128,Zinal Yohannan,8214624609,Gandhi Nagar,Jammu
CUST10129,Januja Sankar,8595346920,Trikuta Nagar,Jammu
CUST10130,Ganga Murthy,7767730581,Billawar,Kathua
CUST10131,Charita Tripathi,7668074201,Dayalachak,Kathua
CUST10132,Nilima Narain,9595271378,Gandhi Nagar,Jammu
CUST10133,Chakrika Datta,6387839449,Rehari,Jammu
CUST10134,Osha Raghavan,9706853063,Akhnoor,Jammu
CUST10135,Charvi Ravi,7630839299,Marh,Jammu
CUST10136,Daksha Mangat,8386916700,Trikuta Nagar,Jammu
CUST10137,Qushi Nagy,7356693755,Dayalachak,Kathua
CUST10138,Riya Sathe,8217435224,Satwari,Jammu
CUST10139,Yasti Solanki,7941848406,Padder,Kishtwar
CUST10140,Frado Mander,7305887967,Katra,Reasi
CUST10141,Girik Keer,6217053856,Bahu Plaza,Jammu
CUST10142,Umang Issac,7975780964,Trikuta Nagar,Jammu
CUST10143,Aryan Batra,7876194901,Bari Brahmana,Samba
CUST10144,Vaishnavi Bora,6373988265,Shastri Nagar,Jammu
CUST10145,Oeshi Hayer,7551916768,Channi Himmat,Jammu
CUST10146,Warda Ratta,9006567464,R.S. Pura,Jammu
CUST10147,Manbir Ahluwalia,7948620044,Samba,Samba
CUST10148,Pavani Kanda,8377891353,Talab Tillo,Jammu
CUST10149,Zarna Shetty,7202362813,Narwal,Jammu
CUST10150,Zaid Dara,7745430959,R.S. Pura,Jammu
CUST10151,Kiaan Shetty,7048645848,Talab Tillo,Jammu
CUST10152,Saanvi Thaman,9345150572,Kathua,Kathua
CUST10153,Sanaya Dutt,8193739715,Bhaderwah,Doda
CUST10154,Shivani Lad,6134465361,Bahu Plaza,Jammu
CUST10155,Aradhana Verma,8238572836,Kishtwar,Kishtwar
CUST10156,William Maharaj,8776049775,Bhaderwah,Doda
CUST10157,Faras Mangal,8166816091,Ghagwal,Samba
CUST10158,Anita Nayak,7164798701,Gandhi Nagar,Jammu
CUST10159,Faris Devi,7653193377,Talab Tillo,Jammu
CUST10160,Vihaan Rajagopal,8612529222,Samba,Samba
CUST10161,Tanish Bhatt,7397216398,Bari Brahmana,Samba
CUST10162,Nikita Narayanan,9227342425,Ramban,Ramban
CUST10163,Ojasvi Bhatia,8165265604,Mendhar,Poonch
CUST10164,Osha Ramachandran,6705949841,Ghagwal,Samba
CUST10165,Lajita Sood,7690557991,Banihal,Ramban
CUST10166,Indira Misra,6993499980,Rajouri,Rajouri
CUST10167,Oni Yohannan,6929549841,R.S. Pura,Jammu
CUST10168,Vinaya Kanda,6421775718,Channi Himmat,Jammu
CUST10169,Rajata Sunder,9506113222,Nowshera,Rajouri
CUST10170,Lopa Nayar,9370660134,Lakhanpur,Kathua
CUST10171,Noah Sibal,9731926211,Bahu Plaza,Jammu
CUST10172,Avi Ramesh,8454562278,Lakhanpur,Kathua
CUST10173,Fiyaz Sangha,7705055513,Trikuta Nagar,Jammu
CUST10174,Triya Gopal,6250584540,Akhnoor,Jammu
CUST10175,Abha Raghavan,9738750309,Narwal,Jammu
CUST10176,Siddharth Sha,6904779649,Mendhar,Poonch
CUST10177,Geetika Raghavan,9936656315,Jewel Chowk,Jammu
CUST10178,Oviya Krishnan,8200265582,Akhnoor,Jammu
CUST10179,Upma Bahl,7971847802,Canal Road,Jammu
CUST10180,Inaya Kapur,6570742280,Trikuta Nagar,Jammu
CUST10181,Banjeet Balasubramanian,7873563316,Bahu Plaza,Jammu
CUST10182,Ryan Bahri,7098964499,Talab Tillo,Jammu
CUST10183,William Date,9341374837,Vijaypur,Samba
CUST10184,Ishwar Kamdar,9595122698,Udhampur,Udhampur
CUST10185,Aahana Pillay,8126681775,Trikuta Nagar,Jammu
CUST10186,Ishwar Gade,9390991942,Bahu Plaza,Jammu
CUST10187,Hritik Bal,6957353254,Marh,Jammu
CUST10188,Keya Ranganathan,9489345212,Trikuta Nagar,Jammu
CUST10189,Faqid Kibe,8413384662,Mendhar,Poonch
CUST10190,Charvi Dara,9641717495,Chenani,Udhampur
CUST10191,Idika Walia,6089674827,Samba,Samba
CUST10192,Kamala Biswas,8366644050,Gandhi Nagar,Jammu
CUST10193,Advik Salvi,7908689101,Akhnoor,Jammu
CUST10194,Hitesh Sant,8823345926,Talab Tillo,Jammu
CUST10195,Tripti Dua,8870350014,Katra,Reasi
CUST10196,Patrick Vig,9580502884,Satwari,Jammu
CUST10197,Veda Shroff,6985093957,Gandhi Nagar,Jammu
CUST10198,Amrita Naidu,7012838371,Ghagwal,Samba
CUST10199,Gabriel Mallick,8590483793,Bhaderwah,Doda
CUST10200,Yagnesh Shetty,6294394660,Dayalachak,Kathua
CUST10201,Gayathri Balakrishnan,9701767310,Arnia,Jammu
CUST10202,Ekta Gopal,7211454030,Rehari,Jammu
CUST10203,Simon Pant,7323099951,Marh,Jammu
CUST10204,Harini Mammen,6340444022,Jewel Chowk,Jammu
CUST10205,Advaith Varughese,8113936833,Samba,Samba
CUST10206,Frederick Khurana,9913923992,Chenani,Udhampur
CUST10207,Vrinda Khosla,7523831555,Bari Brahmana,Samba
CUST10208,Vritti Sem,8947426874,Bari Brahmana,Samba
CUST10209,Girik Menon,8267709445,Bahu Plaza,Jammu
CUST10210,Nidhi Kohli,8573856076,Poonch,Poonch
CUST10211,Jyoti Solanki,8096379402,Canal Road,Jammu
CUST10212,Pavani Narayanan,8554375530,Akhnoor,Jammu
CUST10213,Sudiksha Madan,7919134244,Channi Himmat,Jammu
CUST10214,Zayan Kashyap,8338186619,Satwari,Jammu
CUST10215,Reyansh Mutti,6159241640,Janipur,Jammu
CUST10216,Qasim Handa,6537278018,Arnia,Jammu
CUST10217,Veda Malhotra,7428565653,Bakshi Nagar,Jammu
CUST10218,Harish Hari,8872601131,Katra,Reasi
CUST10219,Utkarsh Patel,8413166695,Bari Brahmana,Samba
CUST10220,Chasmum Atwal,6340301895,Bahu Plaza,Jammu
CUST10221,Anusha Bath,8484007225,Bahu Plaza,Jammu
CUST10222,Brinda Date,7775117838,Bakshi Nagar,Jammu
CUST10223,Harshil Arora,8591872943,Gandhi Nagar,Jammu
CUST10224,Upasna Srinivas,7972853761,Chenani,Udhampur
CUST10225,Harini Gour,6203253722,Shastri Nagar,Jammu
CUST10226,Zayyan Sridhar,9609799818,Katra,Reasi
CUST10227,Dhruv Rattan,8876452446,Janipur,Jammu
CUST10228,Ethan Bera,6529393077,Rajouri,Rajouri
CUST10229,Manthan Modi,7630524228,Kathua,Kathua
CUST10230,Yuvraj Dani,8543600741,Rehari,Jammu
CUST10231,Upkaar Virk,7092616192,Katra,Reasi
CUST10232,Shravya Savant,7391336267,Vijaypur,Samba
CUST10233,Pushti Mody,7126068941,Gandhi Nagar,Jammu
CUST10234,Hardik Johal,7713817719,Trikuta Nagar,Jammu
CUST10235,Aishani Bumb,8064761468,Shastri Nagar,Jammu
CUST10236,Wriddhish Ghose,6753931205,Trikuta Nagar,Jammu
CUST10237,Naksh Agate,8768635572,Marh,Jammu
CUST10238,Shravya Singhal,9941455999,Gandhi Nagar,Jammu
CUST10239,Bachittar Kata,9536797002,Channi Himmat,Jammu
CUST10240,Barkha Setty,6756547056,Gandhi Nagar,Jammu
CUST10241,Vivaan Lalla,7528536860,Janipur,Jammu
CUST10242,Pavani Contractor,8800446377,Bari Brahmana,Samba
CUST10243,Manthan Lata,8719577117,Channi Himmat,Jammu
CUST10244,Ekbal Bhasin,9708207504,Janipur,Jammu
CUST10245,Damyanti Mani,7532157250,Canal Road,Jammu
CUST10246,Jeet Sidhu,6431985974,Katra,Reasi
CUST10247,Neha Magar,7720359189,Rehari,Jammu
CUST10248,Raksha Buch,6428350253,Ramban,Ramban
CUST10249,Rachana Naidu,7547197204,Arnia,Jammu
CUST10250,Atharv Chand,7889068715,Talab Tillo,Jammu
CUST10251,Ansh Luthra,7097098573,Talab Tillo,Jammu
CUST10252,Parth Singhal,6018054922,Doda,Doda
CUST10253,Arunima Golla,9773202751,Rehari,Jammu
CUST10254,Vyanjana Chand,7459232116,Bakshi Nagar,Jammu
CUST10255,Ijaya Rege,8083023562,Ramnagar,Udhampur
CUST10256,Ekani Cheema,6447248108,Kishtwar,Kishtwar
CUST10257,Forum Sabharwal,6836652800,Bhaderwah,Doda
CUST10258,Bhavya Rattan,7198304158,Sunderbani,Rajouri
CUST10259,Suhani Chakrabarti,6612128062,Jewel Chowk,Jammu
CUST10260,Zayyan Naik,7502118568,Rehari,Jammu
CUST10261,Netra Varkey,9735495313,Billawar,Kathua
CUST10262,Turvi Sachdev,9709579916,Talab Tillo,Jammu
CUST10263,Raghav Vasa,9909287388,Janipur,Jammu
CUST10264,Wishi Sathe,8869079551,Bakshi Nagar,Jammu
CUST10265,Samar Loke,9434022509,Bhaderwah,Doda
CUST10266,Bhavna Sarma,6798305978,Talab Tillo,Jammu
CUST10267,Jairaj Balakrishnan,9393131197,Katra,Reasi
CUST10268,Nathan Mukhopadhyay,8196972513,Banihal,Ramban
CUST10269,Nikita Chander,6799399069,Bari Brahmana,Samba
CUST10270,Ishaan Shenoy,6591729180,Banihal,Ramban
CUST10271,Mitesh Tara,8842202103,Ghagwal,Samba
CUST10272,Yashodhara Mahajan,9843514866,Kathua,Kathua
CUST10273,Vasudha Sodhi,6823901375,Bakshi Nagar,Jammu
CUST10274,Tanmayi Dhillon,6564091811,Nowshera,Rajouri
CUST10275,Rayaan Trivedi,6677222058,Talab Tillo,Jammu
CUST10276,Ekaraj Majumdar,7426610120,Shastri Nagar,Jammu
CUST10277,Harini Tripathi,7346051834,Katra,Reasi
CUST10278,Aarnav Mandal,7220760359,Janipur,Jammu
CUST10279,Vrishti Dixit,8884584840,R.S. Pura,Jammu
CUST10280,Veda Pai,8598661719,Sunderbani,Rajouri
CUST10281,Krishna Shah,9149496829,Doda,Doda
CUST10282,Ranbir Khare,6333248765,Poonch,Poonch
CUST10283,Vivaan Roy,7157995125,Satwari,Jammu
CUST10284,Eesha Solanki,7346021660,Canal Road,Jammu
CUST10285,Libni Doshi,7279808324,Rajouri,Rajouri
CUST10286,Balhaar Date,6819482461,Bari Brahmana,Samba
CUST10287,Harish Sarraf,9778851351,Talab Tillo,Jammu
CUST10288,Tanmayi Aurora,9018824972,Katra,Reasi
CUST10289,Nimrat Dubey,8610351853,Ramnagar,Udhampur
CUST10290,Upasna Lanka,9762315986,Bakshi Nagar,Jammu
CUST10291,Mitali Buch,7407709660,Bari Brahmana,Samba
CUST10292,Lajita Nadig,9396433246,Janipur,Jammu
CUST10293,Balendra Biswas,7156836621,Ramnagar,Udhampur
CUST10294,Bhavna Karan,9682782178,Trikuta Nagar,Jammu
CUST10295,Radha Chaudhari,9666769243,Udhampur,Udhampur
CUST10296,Sachi Ganesan,8517257965,Gandhi Nagar,Jammu
CUST10297,Ayush Batra,9810128716,Katra,Reasi
CUST10298,Daksh Memon,6373732284,Rehari,Jammu
CUST10299,Kavya Sankar,8908583208,Katra,Reasi
CUST10300,Yash Wali,6459437746,Shastri Nagar,Jammu
CUST10301,Pranit Garde,8027174706,Bakshi Nagar,Jammu
CUST10302,Farhan Raja,7930130381,Samba,Samba
CUST10303,Widisha Dhar,8263135182,Bari Brahmana,Samba
CUST10304,Triya Kumar,8538939319,Janipur,Jammu
CUST10305,Aadhya Andra,7271751360,Poonch,Poonch
CUST10306,Bhavna Dugar,7509660643,Rajouri,Rajouri
CUST10307,Riya Pai,7166366261,Bishnah,Jammu
CUST10308,Panini Krishna,6711111252,Ramnagar,Udhampur
CUST10309,Chasmum Issac,7042930698,Bari Brahmana,Samba
CUST10310,Vasudha Chhabra,6057122924,Vijaypur,Samba
CUST10311,Lakshmi Parmer,6028370708,Trikuta Nagar,Jammu
CUST10312,Chakrika Bains,6346808149,Vijaypur,Samba
CUST10313,Anvi Anand,7876716091,Janipur,Jammu
CUST10314,Watika Mangat,8861330689,Satwari,Jammu
CUST10315,Indira Kanda,9140237675,Channi Himmat,Jammu
CUST10316,Zashil Devan,9635706236,R.S. Pura,Jammu
CUST10317,Balveer More,9590618880,Jewel Chowk,Jammu
CUST10318,Bahadurjit Patla,6902642484,Bahu Plaza,Jammu
CUST10319,Gautam Merchant,7146145006,Katra,Reasi
CUST10320,Ojasvi Gill,7526930245,Arnia,Jammu
CUST10321,Kevin Zacharia,7671723892,Arnia,Jammu
CUST10322,Yachana Mahajan,8011771619,Akhnoor,Jammu
CUST10323,Aarini Subramaniam,7771498574,Jewel Chowk,Jammu
CUST10324,Hamsini Contractor,9145098459,Vijaypur,Samba
CUST10325,Faqid Dhaliwal,8713685399,Bakshi Nagar,Jammu
CUST10326,Mekhala Pau,7994147727,Hiranagar,Kathua
CUST10327,Megha Atwal,8962623696,Katra,Reasi
CUST10328,Jatin Sha,8631345647,Ramban,Ramban
CUST10329,Adweta Raj,7885016171,Reasi,Reasi
CUST10330,Hritik Kaur,7862708187,Janipur,Jammu
CUST10331,Aryan Narang,8527726939,Katra,Reasi
CUST10332,Dev Shetty,7502678897,Doda,Doda
CUST10333,Nilima Dada,9567921611,Samba,Samba
CUST10334,Chakradev Barad,7451523711,Akhnoor,Jammu
CUST10335,Waida D’Alia,6966453732,Rehari,Jammu
CUST10336,Wahab Yogi,6545022332,Bakshi Nagar,Jammu
CUST10337,Lipika Setty,8989064966,Lakhanpur,Kathua
CUST10338,Oni Dubey,8399352983,Banihal,Ramban
CUST10339,Hardik Suri,7081591950,Udhampur,Udhampur
CUST10340,Ati Bali,8784157976,Trikuta Nagar,Jammu
CUST10341,Teerth Sawhney,8143007552,Surankote,Poonch
CUST10342,Warinder Patil,7640656675,Janipur,Jammu
CUST10343,Jhalak Parmer,6917307436,Bari Brahmana,Samba
CUST10344,Mitali Majumdar,8137591697,Bahu Plaza,Jammu
CUST10345,Jason Sha,7955105593,Kathua,Kathua
CUST10346,Simon Bail,9346512811,Lakhanpur,Kathua
CUST10347,Gauri Kohli,9899452007,Udhampur,Udhampur
CUST10348,Samesh Biswas,7161693463,Bahu Plaza,Jammu
CUST10349,Tarak Kaul,8334022748,R.S. Pura,Jammu
CUST10350,Manbir Agate,8843351688,Channi Himmat,Jammu
CUST10351,Maanav De,8280005054,Shastri Nagar,Jammu
CUST10352,Owen Choudhary,9559473277,R.S. Pura,Jammu
CUST10353,Karan Aurora,7535688615,Janipur,Jammu
CUST10354,Wazir Naik,6969743240,Narwal,Jammu
CUST10355,Owen Lanka,6293440937,Canal Road,Jammu
CUST10356,Jonathan Sama,9825163685,Akhnoor,Jammu
CUST10357,Devansh Soni,9538446511,Jewel Chowk,Jammu
CUST10358,Janaki Varghese,8213712874,Trikuta Nagar,Jammu
CUST10359,Siya Thakur,6180051605,Bahu Plaza,Jammu
CUST10360,Caleb Verma,7195507620,Gandhi Nagar,Jammu
CUST10361,Tara Balasubramanian,9818678162,Narwal,Jammu
CUST10362,Varenya Ratti,7452312854,Kathua,Kathua
CUST10363,Hritik Swaminathan,6460751416,Shastri Nagar,Jammu
CUST10364,Ethan Buch,9765305287,Ramnagar,Udhampur
CUST10365,Manbir Bhatti,8776014282,Jewel Chowk,Jammu
CUST10366,Anvi Nair,7177510663,Rajouri,Rajouri
CUST10367,Chaitaly Setty,6628432674,Canal Road,Jammu
CUST10368,Hardik Contractor,7352337786,Bani,Kathua
CUST10369,Qushi Seth,7612435671,Lakhanpur,Kathua
CUST10370,Odika Nori,6019402003,Banihal,Ramban
CUST10371,Mohini Sagar,8575986426,Bhaderwah,Doda
CUST10372,Dhriti Sane,7055210201,Udhampur,Udhampur
CUST10373,Aadhya Prasad,9335570028,Padder,Kishtwar
CUST10374,Urvi Bhavsar,7926195241,Poonch,Poonch
CUST10375,Frederick Chander,7989885695,Trikuta Nagar,Jammu
CUST10376,Gopal Pradhan,9944501069,Hiranagar,Kathua
CUST10377,Darpan Narayan,6395082068,Bari Brahmana,Samba
CUST10378,Nirja Pandya,9438296941,Trikuta Nagar,Jammu
CUST10379,Charan Mani,9222611966,Kathua,Kathua
CUST10380,Indira Chawla,9504649884,Arnia,Jammu
CUST10381,Mohammed Subramaniam,9225074553,Bhaderwah,Doda
CUST10382,Hritik Palla,6964602536,Bari Brahmana,Samba
CUST10383,Ishwar Mallick,8246342738,Janipur,Jammu
CUST10384,Pushti Bal,6152022431,Janipur,Jammu
CUST10385,Ayush Gole,6814985773,Banihal,Ramban
CUST10386,Dayamai Nori,8360846433,Bishnah,Jammu
CUST10387,Abeer Golla,9201891561,Bishnah,Jammu
CUST10388,Nandini Boase,7647832611,Dayalachak,Kathua
CUST10389,Azaan Chand,7658012322,Udhampur,Udhampur
CUST10390,Krisha Saini,7483594107,Samba,Samba
CUST10391,Harita Dugar,9701108503,Vijaypur,Samba
CUST10392,Devika Nair,6216832261,Hiranagar,Kathua
CUST10393,Charles Dugal,6683495249,Reasi,Reasi
CUST10394,Chandran Bumb,6566556335,Bari Brahmana,Samba
CUST10395,Saanvi Samra,7323088340,Udhampur,Udhampur
CUST10396,Riya Sachdeva,9404220345,Poonch,Poonch
CUST10397,Tanveer Vala,6733242798,Jewel Chowk,Jammu
CUST10398,Hemani Sani,7784812662,Bari Brahmana,Samba
CUST10399,Bhanumati Sur,6005112772,Arnia,Jammu
CUST10400,Chakradev Kannan,7337947389,Shastri Nagar,Jammu
CUST10401,Christopher Amble,9041888172,Gandhi Nagar,Jammu
CUST10402,Charvi Kakar,7704759463,Dayalachak,Kathua
CUST10403,Aadhya Mann,8095261882,Rehari,Jammu
CUST10404,Jagdish Amble,8312170074,Channi Himmat,Jammu
CUST10405,Qushi Gill,7010699606,Marh,Jammu
CUST10406,Lajita Walia,9129778416,Bari Brahmana,Samba
CUST10407,Xiti Pandya,6844261137,Canal Road,Jammu
CUST10408,Mekhala Basak,9950122306,Janipur,Jammu
CUST10409,Anirudh Sharaf,6087276535,Jewel Chowk,Jammu
CUST10410,Dhriti Sanghvi,8636150818,Bahu Plaza,Jammu
CUST10411,Omisha Mann,7058657236,Talab Tillo,Jammu
CUST10412,Nidhi Bail,9248080594,Trikuta Nagar,Jammu
CUST10413,Onveer Sharma,8820039907,Canal Road,Jammu
CUST10414,Gaurang Sarkar,6526174163,Akhnoor,Jammu
CUST10415,Yagnesh Sarin,8811431943,Narwal,Jammu
CUST10416,Farhan Randhawa,9337476527,Rehari,Jammu
CUST10417,Harinakshi Kant,7943795593,Poonch,Poonch
CUST10418,Om Bose,6808625591,Rehari,Jammu
CUST10419,Yashvi Hari,7135280397,Gandhi Nagar,Jammu
CUST10420,Indali Divan,9186595375,Ghagwal,Samba
CUST10421,Harshil Dhingra,6738488266,Trikuta Nagar,Jammu
CUST10422,Rudra Ghose,9330515207,Gandhi Nagar,Jammu
CUST10423,Faqid Goel,7552231050,Jewel Chowk,Jammu
CUST10424,Ucchal Sen,6571154616,Satwari,Jammu
CUST10425,Diya Dora,6073906433,Kathua,Kathua
CUST10426,Ekansh Singh,6396941081,Marh,Jammu
CUST10427,Chavvi Maharaj,9810998806,Jewel Chowk,Jammu
CUST10428,Indira Tripathi,7025252471,Channi Himmat,Jammu
CUST10429,Dayita Shenoy,6560127606,Bari Brahmana,Samba
CUST10430,Baljiwan Bhandari,7286808623,Gandhi Nagar,Jammu
CUST10431,Bhavini Bose,6385154902,Doda,Doda
CUST10432,Yashica Rajagopalan,7313362958,Akhnoor,Jammu
CUST10433,Benjamin Sengupta,9880521860,Samba,Samba
CUST10434,Ekanta Soni,9662219935,Jewel Chowk,Jammu
CUST10435,David Seshadri,6588375199,Talab Tillo,Jammu
CUST10436,Hemal Chad,9935913877,Shastri Nagar,Jammu
CUST10437,Balveer Kota,7449892711,Rajouri,Rajouri
CUST10438,Reva Viswanathan,8252263645,Hiranagar,Kathua
CUST10439,Januja Pradhan,8384110702,Marh,Jammu
CUST10440,Lila Rege,8970998434,Satwari,Jammu
CUST10441,Charles Natt,7073367558,Janipur,Jammu
CUST10442,Forum Chandra,8480953755,Billawar,Kathua
CUST10443,Bhanumati Krishnan,6233844605,Samba,Samba
CUST10444,Gauri Bumb,9471796144,Shastri Nagar,Jammu
CUST10445,Inaya Mukherjee,8724269771,Bakshi Nagar,Jammu
CUST10446,Kai Chad,7353759337,Channi Himmat,Jammu
CUST10447,Krisha Narasimhan,8618174374,Poonch,Poonch
CUST10448,Girik Sampath,6126248508,Samba,Samba
CUST10449,Andrew Patil,8440625658,Talab Tillo,Jammu
CUST10450,Pranit Kala,6608682904,Gandhi Nagar,Jammu
CUST10451,Vedika Handa,8665714590,Bakshi Nagar,Jammu
CUST10452,Laksh Dubey,7304521625,Rehari,Jammu
CUST10453,Chakrika Chaudhuri,8617694699,Akhnoor,Jammu
CUST10454,Gayathri Deep,8359315564,Janipur,Jammu
CUST10455,Mitesh Gaba,8790061879,Bakshi Nagar,Jammu
CUST10456,Noah Sarma,7560227353,Satwari,Jammu
CUST10457,Nirja Patla,8376013369,Gandhi Nagar,Jammu
CUST10458,Sachi Mane,8468537478,Udhampur,Udhampur
CUST10459,Vivaan Walla,8352678392,Rehari,Jammu
CUST10460,Dayamai Singh,9685358773,Gandhi Nagar,Jammu
CUST10461,Jhalak Sastry,7424923177,Gandhi Nagar,Jammu
CUST10462,Baghyawati Raja,7045197571,Poonch,Poonch
CUST10463,Neel Iyengar,9961747509,Katra,Reasi
CUST10464,Zashil Ben,8040563538,Bari Brahmana,Samba
CUST10465,Kamya Chauhan,6234112065,Rehari,Jammu
CUST10466,Bhavani Chacko,7317220634,Talab Tillo,Jammu
CUST10467,Anjali Sengupta,7610415586,Channi Himmat,Jammu
CUST10468,Rajeshri Chand,7876597418,Arnia,Jammu
CUST10469,Shravya Palla,7467422869,Poonch,Poonch
CUST10470,Oeshi Bera,8678404341,Jewel Chowk,Jammu
CUST10471,Yadavi Prakash,8118736754,Hiranagar,Kathua
CUST10472,Libni Bumb,8593385747,Satwari,Jammu
CUST10473,Udarsh Bala,6609545458,Bishnah,Jammu
CUST10474,Hardik Nayak,9018734608,Bakshi Nagar,Jammu
CUST10475,Laksh Barad,9601153516,Rajouri,Rajouri
CUST10476,Urmi Dewan,8939493009,Rehari,Jammu
CUST10477,Saumya Ahluwalia,6235078388,Satwari,Jammu
CUST10478,Anirudh Kunda,8333356413,Talab Tillo,Jammu
CUST10479,Mason Wable,9196100744,Poonch,Poonch
CUST10480,Indrajit Mani,6644764155,Kishtwar,Kishtwar
CUST10481,William Saini,7165825453,Narwal,Jammu
CUST10482,Dev Choudhry,8714617997,Doda,Doda
CUST10483,Amol Varma,6804790673,Narwal,Jammu
CUST10484,Maanas Manne,7745474972,Gandhi Nagar,Jammu
CUST10485,Aarav Pandit,9775041098,Gandhi Nagar,Jammu
CUST10486,Omaja Grover,7058212801,Arnia,Jammu
CUST10487,Jalsa Bir,8148274783,Bakshi Nagar,Jammu
CUST10488,Madhavi Singhal,6914972462,Trikuta Nagar,Jammu
CUST10489,Lila Prakash,7671133775,Kathua,Kathua
CUST10490,Amol Parikh,8418094696,Jewel Chowk,Jammu
CUST10491,Hemani Khosla,9694983206,Gandhi Nagar,Jammu
CUST10492,Gaurangi Deol,9775136156,Jewel Chowk,Jammu
CUST10493,Indira Nigam,6014221009,Ramnagar,Udhampur
CUST10494,Ucchal Srinivas,9967181685,Vijaypur,Samba
CUST10495,Krishna Bhatnagar,9624969249,Banihal,Ramban
CUST10496,Balhaar Memon,7107330924,Hiranagar,Kathua
CUST10497,Caleb Iyengar,9614172697,Bahu Plaza,Jammu
CUST10498,Diya Mukherjee,6524816962,Trikuta Nagar,Jammu
CUST10499,Urvashi Kulkarni,9559448775,Bari Brahmana,Samba
CUST10500,Rayaan Mangal,9845936469,Gandhi Nagar,Jammu
CUST10501,Champak Narula,8904761031,Trikuta Nagar,Jammu
CUST10502,Jeet Pillai,9630671175,Bari Brahmana,Samba
CUST10503,Mugdha Sarraf,6535849007,Bahu Plaza,Jammu
CUST10504,Harinakshi Grover,6864681590,Gandhi Nagar,Jammu
CUST10505,Widisha Pillai,8490711037,Shastri Nagar,Jammu
CUST10506,Fitan Samra,6581472848,Narwal,Jammu
CUST10507,Qushi Gole,8395187753,Bhaderwah,Doda
CUST10508,Ekani Chauhan,6465490086,Channi Himmat,Jammu
CUST10509,Falak Merchant,6401068487,Dayalachak,Kathua
CUST10510,Sanaya Sandhu,6654960149,Bari Brahmana,Samba
CUST10511,Sachi Panchal,9302150375,Samba,Samba
CUST10512,Brijesh Pandit,9621769416,Talab Tillo,Jammu
CUST10513,Anvi Bhandari,8243870791,Gandhi Nagar,Jammu
CUST10514,Nidra Patla,7187531637,Bani,Kathua
CUST10515,Azaan Dhar,6783244819,Rehari,Jammu
CUST10516,Bakhshi Date,7176921601,Narwal,Jammu
CUST10517,Warinder Peri,7138676619,Katra,Reasi
CUST10518,Leela Bali,6849582772,Katra,Reasi
CUST10519,Shivani Prabhakar,8851509047,Rehari,Jammu
CUST10520,Sachi Bose,8478425079,Gandhi Nagar,Jammu
CUST10521,Jeevika Rao,7604378704,Channi Himmat,Jammu
CUST10522,Arya Krish,9473468083,Dayalachak,Kathua
CUST10523,Atharv Grewal,7295770870,Gandhi Nagar,Jammu
CUST10524,Zarna Ram,8813631507,Surankote,Poonch
CUST10525,Adweta Lad,9214959272,Talab Tillo,Jammu
CUST10526,Tanish Mangal,7620345176,Canal Road,Jammu
CUST10527,Ryan Das,7679890840,Akhnoor,Jammu
CUST10528,Ethan Seth,7912648562,Nowshera,Rajouri
CUST10529,Sai Chahal,8134620829,Doda,Doda
CUST10530,Idika Bhattacharyya,7363568431,Samba,Samba
CUST10531,Charita Dugar,6249703419,Billawar,Kathua
CUST10532,Janaki Trivedi,7986612031,Ghagwal,Samba
CUST10533,Jairaj Iyer,6503335139,Janipur,Jammu
CUST10534,Warjas Tak,7143079374,Satwari,Jammu
CUST10535,Jalsa Pillay,9951594679,Janipur,Jammu
CUST10536,Kai Chadha,8348400652,Shastri Nagar,Jammu
CUST10537,Dayamai Rao,7054605136,Mendhar,Poonch
CUST10538,Nirja Rout,9318332398,Surankote,Poonch
CUST10539,Jeremiah Nadig,8498289481,Trikuta Nagar,Jammu
CUST10540,Shivani Shukla,6248909704,R.S. Pura,Jammu
CUST10541,Kabir Gopal,7577113508,Poonch,Poonch
CUST10542,Rachita Thakkar,7540029846,Reasi,Reasi
CUST10543,Jeet Vasa,7462129075,Nowshera,Rajouri
CUST10544,Daksha Gala,9646155810,R.S. Pura,Jammu
CUST10545,Ekantika Kar,9112493259,Rehari,Jammu
CUST10546,Zilmil Mander,9107588636,Akhnoor,Jammu
CUST10547,Zashil Hegde,6580534391,Bari Brahmana,Samba
CUST10548,Jeremiah Mitter,6186855571,Shastri Nagar,Jammu
CUST10549,Yadavi Ganguly,6894338857,Narwal,Jammu
CUST10550,Onveer Nazareth,8082812110,Canal Road,Jammu
CUST10551,Ayush Bumb,9077017501,Bari Brahmana,Samba
CUST10552,Alka Kade,6677929130,Janipur,Jammu
CUST10553,Azaan Tank,9931572505,Katra,Reasi
CUST10554,Chasmum Subramanian,6129590257,Gandhi Nagar,Jammu
CUST10555,Nidra Mishra,8491332219,Canal Road,Jammu
CUST10556,Elijah Bhasin,6177503126,Channi Himmat,Jammu
CUST10557,Ria Sagar,9452810846,Rehari,Jammu
CUST10558,Ucchal Jani,9414601451,Bakshi Nagar,Jammu
CUST10559,Maanas Munshi,9093591872,Poonch,Poonch
CUST10560,Hemani Rastogi,8276446442,Ghagwal,Samba
CUST10561,Kamala Varma,6246100069,Hiranagar,Kathua
CUST10562,Eiravati Khurana,8160077726,Jewel Chowk,Jammu
CUST10563,Jason Loke,7385904933,Bahu Plaza,Jammu
CUST10564,Yug Dhaliwal,7058374174,Jewel Chowk,Jammu
CUST10565,Chandresh Mannan,8665485349,Channi Himmat,Jammu
CUST10566,Omya Kothari,7930083708,Arnia,Jammu
CUST10567,Falak Munshi,6333626590,Canal Road,Jammu
CUST10568,Nathaniel Tara,7034859265,Rehari,Jammu
CUST10569,Wishi Morar,7358163573,Bhaderwah,Doda
CUST10570,Arin Chana,7448785209,Arnia,Jammu
CUST10571,Yashasvi Shankar,6708030842,Satwari,Jammu
CUST10572,Tanveer Pandit,8384524647,Billawar,Kathua
CUST10573,Chandresh Manda,6785297495,Bakshi Nagar,Jammu
CUST10574,Upma Mangal,9456531163,Arnia,Jammu
CUST10575,Hritik Sankar,7802486264,Satwari,Jammu
CUST10576,Aishani Pau,6284546011,Channi Himmat,Jammu
CUST10577,Jasmit Bath,9618940806,Janipur,Jammu
CUST10578,Charan Hayer,9436097117,Katra,Reasi
CUST10579,Bhavya Borah,8899282183,Mendhar,Poonch
CUST10580,Yamini Seshadri,7724119425,R.S. Pura,Jammu
CUST10581,Jagat Dave,7934698937,Bahu Plaza,Jammu
CUST10582,Meera Prakash,6968696725,Chenani,Udhampur
CUST10583,Jasmit Dhawan,9381883939,Rehari,Jammu
CUST10584,Yashodhara Ratti,6822896874,Janipur,Jammu
CUST10585,Gauri Som,9894487888,Gandhi Nagar,Jammu
CUST10586,Manthan Varma,8368740066,Bari Brahmana,Samba
CUST10587,Falak Nagar,6463015987,Billawar,Kathua
CUST10588,Maya Mistry,8734726871,Katra,Reasi
CUST10589,Yashica Upadhyay,6898299669,Satwari,Jammu
CUST10590,Chandani Soman,6714420391,Doda,Doda
CUST10591,Jyoti Narula,7946171872,Ghagwal,Samba
CUST10592,Omaja Morar,6869264412,Bahu Plaza,Jammu
CUST10593,Urvi Lanka,8936401366,Janipur,Jammu
CUST10594,Charan Srinivasan,8720032999,Ghagwal,Samba
CUST10595,Lajita Divan,8702633395,Banihal,Ramban
CUST10596,Azad Choudhary,7598135110,R.S. Pura,Jammu
CUST10597,Anirudh Sastry,9879286723,Channi Himmat,Jammu
CUST10598,Omya Doshi,7971867012,Nowshera,Rajouri
CUST10599,Samar Roy,7749903744,Gandhi Nagar,Jammu
CUST10600,David Devi,9108115285,Katra,Reasi
CUST10601,Ekta Sridhar,9554076806,R.S. Pura,Jammu
CUST10602,Dipta Ghose,7598108649,Bari Brahmana,Samba
CUST10603,Hema Pandya,6969377952,Marh,Jammu
CUST10604,Veda Handa,8300933198,Gandhi Nagar,Jammu
CUST10605,Arya Misra,9172761448,Trikuta Nagar,Jammu
CUST10606,Chameli Mani,8168548454,Rehari,Jammu
CUST10607,Vrinda Nadig,9644034261,Hiranagar,Kathua
CUST10608,Ikshita Mahal,8524941198,Bahu Plaza,Jammu
CUST10609,Jairaj Raghavan,7000140652,Akhnoor,Jammu
CUST10610,Hemani Dhingra,6516113082,Janipur,Jammu
CUST10611,Brijesh Mani,7662981176,R.S. Pura,Jammu
CUST10612,Hiral Sathe,6501146896,Katra,Reasi
CUST10613,Varenya Kala,8936633101,Bahu Plaza,Jammu
CUST10614,Anika Magar,9826646713,Gandhi Nagar,Jammu
CUST10615,Ikbal Khatri,7011794852,Narwal,Jammu
CUST10616,Chandresh Wali,9006798755,R.S. Pura,Jammu
CUST10617,Viraj Ben,7456684754,Janipur,Jammu
CUST10618,Odika Narayanan,6844493602,Rehari,Jammu
CUST10619,Harish Devan,7229368612,Talab Tillo,Jammu
CUST10620,Nakul Ray,9867778627,Ghagwal,Samba
CUST10621,Vansha Iyengar,6161493200,Vijaypur,Samba
CUST10622,Ekani Mangal,7188004612,Rajouri,Rajouri
CUST10623,Gaurav Kata,7308216567,Janipur,Jammu
CUST10624,Parth Sahni,7481167980,Poonch,Poonch
CUST10625,Balhaar Ranganathan,8891245706,Channi Himmat,Jammu
CUST10626,Quincy Mann,6844728350,Rehari,Jammu
CUST10627,Aditya Misra,9361742844,Jewel Chowk,Jammu
CUST10628,Gautami Mane,9730108903,Narwal,Jammu
CUST10629,Wakeeta Desai,6076690676,Bhaderwah,Doda
CUST10630,Anjali Hans,7465379025,Akhnoor,Jammu
CUST10631,Ganga Gaba,8425766874,Poonch,Poonch
CUST10632,Aarini Grewal,7037719205,Talab Tillo,Jammu
CUST10633,Geetika Merchant,9107527791,Akhnoor,Jammu
CUST10634,Parth Ravi,7630612749,Gandhi Nagar,Jammu
CUST10635,Yutika Narang,9586553277,Udhampur,Udhampur
CUST10636,Nandini Chandran,8523583078,Bari Brahmana,Samba
CUST10637,Logan Sood,6844355532,Trikuta Nagar,Jammu
CUST10638,Yuvraj Ahuja,7494981171,Bahu Plaza,Jammu
CUST10639,Leela Keer,9124793964,Bari Brahmana,Samba
CUST10640,Amara Narayan,8013934715,Channi Himmat,Jammu
CUST10641,Advay Lal,9828413845,Gandhi Nagar,Jammu
CUST10642,Warinder Bhatia,9747675444,R.S. Pura,Jammu
CUST10643,Udyati Mohanty,7764235987,Katra,Reasi
CUST10644,Nidra Thakkar,9757751516,Samba,Samba
CUST10645,Jacob Merchant,6514819107,R.S. Pura,Jammu
CUST10646,Timothy Kanda,8848640804,Janipur,Jammu
CUST10647,Vanya Dua,9321011203,Satwari,Jammu
CUST10648,Kashvi Sagar,6630033433,Satwari,Jammu
CUST10649,Tejas Kota,6275473104,Ramnagar,Udhampur
CUST10650,Sanya Wable,7428296257,Satwari,Jammu
CUST10651,Faras Choudhury,7062939754,Rehari,Jammu
CUST10652,Yashasvi Jain,7048290945,Poonch,Poonch
CUST10653,Nitesh Narang,7365507533,Reasi,Reasi
CUST10654,Jackson Jha,6524693632,Channi Himmat,Jammu
CUST10655,Gavin Uppal,7293450660,Lakhanpur,Kathua
CUST10656,Christopher Setty,9648775760,Bahu Plaza,Jammu
CUST10657,Yochana Sagar,9663883176,Gandhi Nagar,Jammu
CUST10658,Dalbir Shere,7942029306,Gandhi Nagar,Jammu
CUST10659,Anthony Randhawa,8243297218,Rehari,Jammu
CUST10660,Aarush Kamdar,9545656501,Satwari,Jammu
CUST10661,Chakradev Sampath,7525716965,Trikuta Nagar,Jammu
CUST10662,Devansh Bhasin,8496909492,Janipur,Jammu
CUST10663,Urmi Balay,7378224401,Bari Brahmana,Samba
CUST10664,Nilima Gole,8079402136,Trikuta Nagar,Jammu
CUST10665,Osha Prasad,7856321230,Trikuta Nagar,Jammu
CUST10666,Saumya Purohit,9976765000,Rehari,Jammu
CUST10667,Faris Zacharia,9019436065,Rehari,Jammu
CUST10668,Ijaya Dani,7072560378,Rehari,Jammu
CUST10669,Maya Wadhwa,7974311507,Arnia,Jammu
CUST10670,Udant Aggarwal,8624742703,Talab Tillo,Jammu
CUST10671,Chanchal Sheth,9738713330,Satwari,Jammu
CUST10672,Ladli Karpe,8058841297,R.S. Pura,Jammu
CUST10673,Triveni Pal,8695359641,Canal Road,Jammu
CUST10674,Anya Gulati,9020226279,Narwal,Jammu
CUST10675,Azad Saini,8219300121,Rehari,Jammu
CUST10676,Wridesh Jhaveri,9001187351,R.S. Pura,Jammu
CUST10677,Harrison Bandi,9906371932,Gandhi Nagar,Jammu
CUST10678,Chanakya Konda,8999880197,Udhampur,Udhampur
CUST10679,Neelima Sarna,7359206157,Talab Tillo,Jammu
CUST10680,Teerth Bhalla,6788982046,Rehari,Jammu
CUST10681,Yahvi Mann,8765443367,Trikuta Nagar,Jammu
CUST10682,Eiravati Nagi,7495022833,Bahu Plaza,Jammu
CUST10683,Chasmum Dhar,8935104354,Rajouri,Rajouri
CUST10684,Odika Mital,7448331263,Arnia,Jammu
CUST10685,Darsh Gill,9567900021,Trikuta Nagar,Jammu
CUST10686,Warhi Batta,7862799779,Rehari,Jammu
CUST10687,Lakshmi Vohra,7874456457,Gandhi Nagar,Jammu
CUST10688,Omaja Rege,7274577747,Shastri Nagar,Jammu
CUST10689,Charita Puri,6762453519,Rehari,Jammu
CUST10690,Urvashi Khosla,9834647530,Gandhi Nagar,Jammu
CUST10691,Charita Dhawan,9193666892,Bani,Kathua
CUST10692,Dalbir Sachar,8115480150,Jewel Chowk,Jammu
CUST10693,Krish Rama,7109226005,Bari Brahmana,Samba
CUST10694,Aadhya Jani,9411540981,Bakshi Nagar,Jammu
CUST10695,Farhan Sengupta,7746955620,Talab Tillo,Jammu
CUST10696,George Wason,6385984572,Shastri Nagar,Jammu
CUST10697,Charan Loyal,7772681287,Rajouri,Rajouri
CUST10698,Balveer Bora,9153928262,Narwal,Jammu
CUST10699,Teerth Srinivas,8724959017,Poonch,Poonch
CUST10700,Gaurangi Mitter,7254067378,Rehari,Jammu
CUST10701,Siddharth Gupta,6193740529,Satwari,Jammu
CUST10702,Varenya Kibe,9810125307,Shastri Nagar,Jammu
CUST10703,Mekhala Khatri,6320626886,Bari Brahmana,Samba
CUST10704,Barkha Rai,9330077932,Ghagwal,Samba
CUST10705,Jagrati Morar,7931628781,Trikuta Nagar,Jammu
CUST10706,Jagvi Varghese,7135125912,Bakshi Nagar,Jammu
CUST10707,Unnati Chaudhari,6433408630,Canal Road,Jammu
CUST10708,Ekaja Jani,7591598195,Talab Tillo,Jammu
CUST10709,Dhriti Sachdev,8696368384,Bhaderwah,Doda
CUST10710,Timothy Dhingra,8536259268,Rehari,Jammu
CUST10711,Advika Sahni,8760321209,Rehari,Jammu
CUST10712,Michael Hayre,9732675962,Marh,Jammu
CUST10713,Victor Raghavan,9325962676,Gandhi Nagar,Jammu
CUST10714,Xalak Nazareth,7408016120,Jewel Chowk,Jammu
CUST10715,Vrinda Swaminathan,9920737212,R.S. Pura,Jammu
CUST10716,Om Pandey,7627093145,Janipur,Jammu
CUST10717,Logan Suresh,9870387951,Kathua,Kathua
CUST10718,Daniel Viswanathan,7443601411,Kathua,Kathua
CUST10719,Falan Bava,8749993465,Gandhi Nagar,Jammu
CUST10720,Nitara Devan,6935142975,Satwari,Jammu
CUST10721,Ekansh Dora,8669720866,Bahu Plaza,Jammu
CUST10722,Tejas Tiwari,8246269807,Bari Brahmana,Samba
CUST10723,Kashvi Bhasin,9359514823,Samba,Samba
CUST10724,Vinaya Babu,8334870673,Banihal,Ramban
CUST10725,Nisha Arora,8933980065,Shastri Nagar,Jammu
CUST10726,Anvi Wason,8137119481,Vijaypur,Samba
CUST10727,Anay Thakkar,6729466812,Gandhi Nagar,Jammu
CUST10728,Praneel Chhabra,7354610705,Jewel Chowk,Jammu
CUST10729,Manthan Khosla,6506979434,Bhaderwah,Doda
CUST10730,Zayyan Pandya,9989630331,Jewel Chowk,Jammu
CUST10731,Mekhala Brar,8781682683,Narwal,Jammu
CUST10732,Nidra Sharaf,8441998030,Arnia,Jammu
CUST10733,Upkaar Mital,7464604999,Udhampur,Udhampur
CUST10734,Azad Chander,9721155851,Katra,Reasi
CUST10735,Ladli Purohit,7658141622,Billawar,Kathua
CUST10736,Daksh Andra,8047199722,Lakhanpur,Kathua
CUST10737,Fitan Tata,9115706897,Bahu Plaza,Jammu
CUST10738,Garima Chandran,8377365882,Marh,Jammu
CUST10739,Victor Kakar,6079713895,Channi Himmat,Jammu
CUST10740,Anika Batra,6589336756,Gandhi Nagar,Jammu
CUST10741,Avni Bali,7541984461,Talab Tillo,Jammu
CUST10742,Divya Babu,9753919748,Vijaypur,Samba
CUST10743,Maanas Rao,8393827870,Bahu Plaza,Jammu
CUST10744,Chandani Gaba,6439689536,Katra,Reasi
CUST10745,Lopa Zachariah,9352618317,Kishtwar,Kishtwar
CUST10746,Leena Dey,9874116212,R.S. Pura,Jammu
CUST10747,Xiti Pal,8075691948,Lakhanpur,Kathua
CUST10748,Guneet Sarkar,6910965964,Poonch,Poonch
CUST10749,Faqid Oak,6469636767,Gandhi Nagar,Jammu
CUST10750,Eta Balan,8263104650,Katra,Reasi
CUST10751,Shravya Swaminathan,8277146450,R.S. Pura,Jammu
CUST10752,Ishani Prashad,9718055845,Trikuta Nagar,Jammu
CUST10753,Quincy Rai,8717981515,R.S. Pura,Jammu
CUST10754,Chakrika Koshy,6121580953,Udhampur,Udhampur
CUST10755,Fitan Loyal,7903957645,Bishnah,Jammu
CUST10756,Lajita Dube,8935208212,Bari Brahmana,Samba
CUST10757,Edhitha Patel,9623160239,Ramnagar,Udhampur
CUST10758,Gavin Ahluwalia,6246507961,Satwari,Jammu
CUST10759,Sai Parsa,8864194060,Jewel Chowk,Jammu
CUST10760,Harsh Deo,6506332820,Channi Himmat,Jammu
CUST10761,Rachit Sankar,9319173845,Jewel Chowk,Jammu
CUST10762,Yauvani Reddy,9568193379,Bari Brahmana,Samba
CUST10763,Atharv Chakraborty,8841051137,Akhnoor,Jammu
CUST10764,Girik Nair,8972671975,Gandhi Nagar,Jammu
CUST10765,Advik Manne,7988389430,Janipur,Jammu
CUST10766,Lipika Chad,8910754894,Trikuta Nagar,Jammu
CUST10767,Omkaar Rai,8459864697,Bahu Plaza,Jammu
CUST10768,Liam Luthra,8727988566,Ghagwal,Samba
CUST10769,Amrita Tailor,8852085943,Banihal,Ramban
CUST10770,Dev Ganesh,6925712227,Jewel Chowk,Jammu
CUST10771,Anya Sama,6396804643,R.S. Pura,Jammu
CUST10772,Veda Bose,7308131405,Arnia,Jammu
CUST10773,Zayan Koshy,6416232418,Shastri Nagar,Jammu
CUST10774,Rohan Shankar,7813438110,Channi Himmat,Jammu
CUST10775,Krishna Modi,8911462457,Jewel Chowk,Jammu
CUST10776,Meghana Natarajan,7785983110,Ghagwal,Samba
CUST10777,Forum Sarraf,8726397424,Shastri Nagar,Jammu
CUST10778,Qushi Deshpande,6152789281,Hiranagar,Kathua
CUST10779,Ekani Iyer,9751956210,Bari Brahmana,Samba
CUST10780,Dipta Goel,9460043623,Kishtwar,Kishtwar
CUST10781,Eiravati Manne,8632234300,Bahu Plaza,Jammu
CUST10782,Xavier Nanda,8249119330,Gandhi Nagar,Jammu
CUST10783,Avni Ramaswamy,8837375362,Gandhi Nagar,Jammu
CUST10784,Ishaan Iyengar,9171596179,Jewel Chowk,Jammu
CUST10785,Avi Shenoy,8379270152,Trikuta Nagar,Jammu
CUST10786,Raksha Manne,9998479049,Rajouri,Rajouri
CUST10787,Nilima Tata,6561057673,Bahu Plaza,Jammu
CUST10788,Chavvi Khurana,9917374211,Bari Brahmana,Samba
CUST10789,Mitesh Sampath,8874753275,Talab Tillo,Jammu
CUST10790,Ethan Sen,6201892762,Bakshi Nagar,Jammu
CUST10791,Nandini Warrior,8036307574,Ramnagar,Udhampur
CUST10792,Balhaar Parsa,7088291959,Arnia,Jammu
CUST10793,Ojas Basu,9173686582,Dayalachak,Kathua
CUST10794,Garima Sani,8871273901,Janipur,Jammu
CUST10795,Advaith Chaudhari,9147601136,Bakshi Nagar,Jammu
CUST10796,Tristan Uppal,6299157863,Trikuta Nagar,Jammu
CUST10797,Sanaya Prasad,9760201609,Gandhi Nagar,Jammu
CUST10798,Ubika Tella,6737245413,Ramban,Ramban
CUST10799,Hemani Bakshi,6661812581,Shastri Nagar,Jammu
CUST10800,Henry Merchant,6416283881,Poonch,Poonch
CUST10801,Frederick D’Alia,6193619986,Bakshi Nagar,Jammu
CUST10802,Ijaya Muni,8561638319,Bakshi Nagar,Jammu
CUST10803,Tamanna Jhaveri,9870091633,Vijaypur,Samba
CUST10804,Ijaya Soni,9405920913,Ghagwal,Samba
CUST10805,Raksha Sethi,7647386244,Rehari,Jammu
CUST10806,Ekalinga Mital,8835456772,Akhnoor,Jammu
CUST10807,Ishwar Bajaj,9059903888,Gandhi Nagar,Jammu
CUST10808,Ikbal Gala,6899280197,Rehari,Jammu
CUST10809,Zaitra Ghosh,6937608803,Jewel Chowk,Jammu
CUST10810,Ganga Sandhu,6581177624,Trikuta Nagar,Jammu
CUST10811,Vincent Ravel,9621807508,Rehari,Jammu
CUST10812,Quincy Sankaran,9589574195,Bari Brahmana,Samba
CUST10813,Ayush Hora,6262175884,Doda,Doda
CUST10814,Pushti Ramachandran,8818611068,Rehari,Jammu
CUST10815,Tanish Jha,7505735602,Gandhi Nagar,Jammu
CUST10816,Dev Chaudry,8570390323,Doda,Doda
CUST10817,Jasmit Nanda,9797047181,Talab Tillo,Jammu
CUST10818,Tanvi Comar,7582148078,R.S. Pura,Jammu
CUST10819,Vrishti Wable,8719576937,Udhampur,Udhampur
CUST10820,Lipika Ramanathan,7848732601,Canal Road,Jammu
CUST10821,Ijaya Pandey,7818597003,Samba,Samba
CUST10822,Orinder Mishra,6230172428,Mendhar,Poonch
CUST10823,Krish Munshi,6150848913,Samba,Samba
CUST10824,William Mody,9365286667,Katra,Reasi
CUST10825,Qadim Prakash,9082130340,Janipur,Jammu
CUST10826,Yasti Rama,8940799713,Narwal,Jammu
CUST10827,Lakshit Rajagopal,9474201463,Rehari,Jammu
CUST10828,Quincy Sur,8393440896,Gandhi Nagar,Jammu
CUST10829,Ojas Suri,8004278562,Janipur,Jammu
CUST10830,Logan Grover,6937134461,Ramnagar,Udhampur
CUST10831,Shravya Bera,7630750663,Bari Brahmana,Samba
CUST10832,Aditya Sundaram,9773141819,Bhaderwah,Doda
CUST10833,Robert Rajagopalan,8048149029,Satwari,Jammu
CUST10834,Nilima Swamy,8133995080,Satwari,Jammu
CUST10835,Sachi Suresh,8866443557,Nowshera,Rajouri
CUST10836,Fitan Balasubramanian,6415538642,Channi Himmat,Jammu
CUST10837,Brinda Bali,9898166447,Arnia,Jammu
CUST10838,Umang Yogi,6450242431,Mendhar,Poonch
CUST10839,Om Shankar,6994877032,Bahu Plaza,Jammu
CUST10840,Yasti Chowdhury,9287429401,Janipur,Jammu
CUST10841,Amrita Peri,9853992916,Jewel Chowk,Jammu
CUST10842,Ridhi Kamdar,9516919540,Ramnagar,Udhampur
CUST10843,Harsh Kota,8678625920,Udhampur,Udhampur
CUST10844,Bachittar Sengupta,8507903714,Satwari,Jammu
CUST10845,Ijaya Chahal,7282527776,Samba,Samba
CUST10846,Jacob Khalsa,9665145128,Janipur,Jammu
CUST10847,Indali Sangha,7383400906,Trikuta Nagar,Jammu
CUST10848,Liam Jhaveri,7981015609,Jewel Chowk,Jammu
CUST10849,Daniel Panchal,7651791005,Kishtwar,Kishtwar
CUST10850,Om Naik,9123279249,Shastri Nagar,Jammu
CUST10851,Bimala Loke,8274531168,Canal Road,Jammu
CUST10852,Krishna Sabharwal,7573794847,Janipur,Jammu
CUST10853,Aradhana Date,8645360105,Chenani,Udhampur
CUST10854,Zaid Dhingra,7869301373,R.S. Pura,Jammu
CUST10855,Yug Ramaswamy,8371303478,Trikuta Nagar,Jammu
CUST10856,Lucky Luthra,7651268808,Bishnah,Jammu
CUST10857,Keya Seth,9331849411,Satwari,Jammu
CUST10858,Girik Rau,7526899284,Rehari,Jammu
CUST10859,Jyoti Sha,9060087274,Nowshera,Rajouri
CUST10860,Falak Agate,7636489136,Bishnah,Jammu
CUST10861,Tara Parmar,6013641193,Gandhi Nagar,Jammu
CUST10862,Mitali Kamdar,9982719036,Sunderbani,Rajouri
CUST10863,Siddharth Talwar,7114187894,Udhampur,Udhampur
CUST10864,Ekantika Mander,6556937222,Narwal,Jammu
CUST10865,Kalpit Sundaram,8867209002,Trikuta Nagar,Jammu
CUST10866,Chanakya Batra,6125587341,Chenani,Udhampur
CUST10867,Tripti Babu,9239857121,Bahu Plaza,Jammu
CUST10868,Nakul Sastry,9618728106,Rehari,Jammu
CUST10869,Aadi Sangha,7904155020,Narwal,Jammu
CUST10870,Kevin Mittal,8424554466,Samba,Samba
CUST10871,Anusha Chander,6002012673,Banihal,Ramban
CUST10872,Zashil Butala,8822732570,Trikuta Nagar,Jammu
CUST10873,Noah Ben,8439230181,Bahu Plaza,Jammu
CUST10874,Dalaja Kaur,7312068595,Gandhi Nagar,Jammu
CUST10875,Gavin Chandran,6185985110,Bahu Plaza,Jammu
CUST10876,Tanay Sood,8479243037,Rehari,Jammu
CUST10877,Kevin Kara,9895167098,Nowshera,Rajouri
CUST10878,Aditya Anand,6427937196,Vijaypur,Samba
CUST10879,Jai Sami,9684952683,Banihal,Ramban
CUST10880,Vanya Bobal,9305364497,Satwari,Jammu
CUST10881,Leela Chakraborty,9464196632,Janipur,Jammu
CUST10882,Harshil Munshi,6025034602,Udhampur,Udhampur
CUST10883,Chandani Devan,7867102915,Canal Road,Jammu
CUST10884,Kiaan Dhar,6438649023,Trikuta Nagar,Jammu
CUST10885,Abhiram Gala,8635611530,Rehari,Jammu
CUST10886,Indali Kala,8538414397,R.S. Pura,Jammu
CUST10887,Nisha Savant,7440594763,Narwal,Jammu
CUST10888,Gabriel Chaudhry,8155273408,Janipur,Jammu
CUST10889,Jatin Rajagopalan,7008630243,Katra,Reasi
CUST10890,Pushti Murty,8670217426,Gandhi Nagar,Jammu
CUST10891,Yug Malhotra,7390461061,Katra,Reasi
CUST10892,Yuvraj Mane,6484014988,Trikuta Nagar,Jammu
CUST10893,Charvi Jha,9686461861,Bishnah,Jammu
CUST10894,Manya Merchant,8426946361,Kathua,Kathua
CUST10895,Wriddhish Talwar,7045036860,Satwari,Jammu
CUST10896,Isaiah Khosla,9472938537,Sunderbani,Rajouri
CUST10897,Ekavir Wable,6637377273,Jewel Chowk,Jammu
CUST10898,Jalsa Nadig,9634659751,Jewel Chowk,Jammu
CUST10899,Lila Salvi,9364081019,Rehari,Jammu
CUST10900,Orinder Sinha,9987281874,Bahu Plaza,Jammu
CUST10901,Anay Bir,8180768936,Trikuta Nagar,Jammu
CUST10902,Adweta Kale,9512422188,Jewel Chowk,Jammu
CUST10903,Darpan Rao,8662883450,Talab Tillo,Jammu
CUST10904,Yachana Sagar,8964854365,Bakshi Nagar,Jammu
CUST10905,Neelima Butala,6430072126,Shastri Nagar,Jammu
CUST10906,Arunima Chacko,6992708905,Rehari,Jammu
CUST10907,Farhan Vaidya,9530614920,Katra,Reasi
CUST10908,Nachiket Yadav,7371579682,Rehari,Jammu
CUST10909,Mahika Bhatti,9977099560,Trikuta Nagar,Jammu
CUST10910,Rajeshri Khare,9200564389,Bishnah,Jammu
CUST10911,Yash Chadha,6785867507,Gandhi Nagar,Jammu
CUST10912,Jack Setty,7414893140,Bari Brahmana,Samba
CUST10913,Dayamai Gill,8278759078,Talab Tillo,Jammu
CUST10914,Advik Devan,6103622641,Trikuta Nagar,Jammu
CUST10915,Nihal Taneja,7547392797,Trikuta Nagar,Jammu
CUST10916,Zansi Lad,8526509762,Rehari,Jammu
CUST10917,Kamya Date,6927238196,Talab Tillo,Jammu
CUST10918,Jacob Balan,7140238026,Samba,Samba
CUST10919,Pushti Magar,9302140353,Bahu Plaza,Jammu
CUST10920,Adya Bose,8899857384,Gandhi Nagar,Jammu
CUST10921,Tamanna Vaidya,8701376894,Satwari,Jammu
CUST10922,Christopher Tata,8513791079,R.S. Pura,Jammu
CUST10923,Jhalak Dugar,6533636786,Trikuta Nagar,Jammu
CUST10924,Harshil D’Alia,8321444948,Channi Himmat,Jammu
CUST10925,Yashodhara Agate,6926301728,Talab Tillo,Jammu
CUST10926,Advik Konda,8160106850,Channi Himmat,Jammu
CUST10927,Urmi Patla,6722683763,Ghagwal,Samba
CUST10928,Mason Gola,7523384681,Trikuta Nagar,Jammu
CUST10929,Oni Kapur,9346496109,Rehari,Jammu
CUST10930,Yuvraj Saha,6685755328,Poonch,Poonch
CUST10931,Anika Brahmbhatt,8390092555,Gandhi Nagar,Jammu
CUST10932,Jagdish Thakkar,8850454282,Satwari,Jammu
CUST10933,Praneel Kapoor,6734712783,Janipur,Jammu
CUST10934,Nandini Biswas,8966445815,Canal Road,Jammu
CUST10935,Barkha Mukhopadhyay,7512230495,Dayalachak,Kathua
CUST10936,Gabriel Shan,9880125971,Samba,Samba
CUST10937,Jyoti Iyer,7691899345,Gandhi Nagar,Jammu
CUST10938,Daksha Kibe,6885690734,Ghagwal,Samba
CUST10939,Jyoti Tak,7824117990,Satwari,Jammu
CUST10940,Yatan Dora,8363455902,Nowshera,Rajouri
CUST10941,Nimrat Bajwa,8858433118,Canal Road,Jammu
CUST10942,Hiral Andra,9255602124,Kathua,Kathua
CUST10943,Aarav Puri,7997961287,Rajouri,Rajouri
CUST10944,Hemang Jha,9957080295,Gandhi Nagar,Jammu
CUST10945,Oni Swamy,8821784428,Kathua,Kathua
CUST10946,Lucky Mammen,8130773526,Kishtwar,Kishtwar
CUST10947,Caleb Kata,9739497386,Akhnoor,Jammu
CUST10948,Kashish Shanker,6601396218,Rajouri,Rajouri
CUST10949,Girish Tiwari,7189870052,Kathua,Kathua
CUST10950,Meera Borde,7235646132,Bakshi Nagar,Jammu
CUST10951,Radhika De,7733401872,Rehari,Jammu
CUST10952,Bishakha Lal,7614316774,Doda,Doda
CUST10953,Maya Narain,7422587072,Udhampur,Udhampur
CUST10954,Sneha Magar,7439273834,Rehari,Jammu
CUST10955,Falan Jain,6269636078,R.S. Pura,Jammu
CUST10956,Ikbal Dugal,8975653115,Trikuta Nagar,Jammu
CUST10957,Nitesh Sengupta,6893279009,Katra,Reasi
CUST10958,Dipta Ray,7413272217,Trikuta Nagar,Jammu
CUST10959,Ishita Johal,6720077408,Vijaypur,Samba
CUST10960,Darika Sheth,6771633502,Marh,Jammu
CUST10961,Jagdish Chana,7642095495,Talab Tillo,Jammu
CUST10962,Daksha Baria,6433512932,Janipur,Jammu
CUST10963,Falak Divan,8638901842,Jewel Chowk,Jammu
CUST10964,Yuvraj Parekh,8475272331,Shastri Nagar,Jammu
CUST10965,Yochana Bawa,8406775363,Rehari,Jammu
CUST10966,Abha Ghosh,8890163717,Ghagwal,Samba
CUST10967,Nidhi Sethi,7904184753,Bakshi Nagar,Jammu
CUST10968,Girindra Shere,7296563615,Rehari,Jammu
CUST10969,Logan Dara,8752499781,Talab Tillo,Jammu
CUST10970,David Kapadia,9041093165,Akhnoor,Jammu
CUST10971,Rudra Rattan,6413526928,Rehari,Jammu
CUST10972,Frado Lad,8364256017,Katra,Reasi
CUST10973,Anthony Bhattacharyya,7175737528,Janipur,Jammu
CUST10974,Sachi Dave,8417908118,Katra,Reasi
CUST10975,Garima Das,9054635153,Rehari,Jammu
CUST10976,Triya Bedi,7355889987,Jewel Chowk,Jammu
CUST10977,Rachita Rana,8476543034,Reasi,Reasi
CUST10978,Ayushman Raja,8259931704,Vijaypur,Samba
CUST10979,Orinder Pandya,6303296024,Akhnoor,Jammu
CUST10980,Rachit Maharaj,8269889964,Gandhi Nagar,Jammu
CUST10981,Sanaya Dixit,9780081781,Bahu Plaza,Jammu
CUST10982,Yatan Merchant,9060059160,Satwari,Jammu
CUST10983,Nisha Srinivas,9379595948,Reasi,Reasi
CUST10984,Gagan Mammen,6857042151,Vijaypur,Samba
CUST10985,Laksh Saini,9023356541,Lakhanpur,Kathua
CUST10986,Zaid Bahl,8159772307,Trikuta Nagar,Jammu
CUST10987,Jagrati Srinivasan,9691710711,Janipur,Jammu
CUST10988,Hemangini Thakkar,6181262453,Rehari,Jammu
CUST10989,Lipika Madan,7680835273,Samba,Samba
CUST10990,Atharv Nagar,9265870724,Udhampur,Udhampur
CUST10991,Ayushman Mand,6611533507,Gandhi Nagar,Jammu
CUST10992,Urmi Wagle,9043619341,Samba,Samba
CUST10993,Viraj Dutta,9454382336,Gandhi Nagar,Jammu
CUST10994,Yug Khosla,9879547940,Rehari,Jammu
CUST10995,Daksh Kanda,9899197139,Akhnoor,Jammu
CUST10996,Isha Ghose,7784101830,Doda,Doda
CUST10997,Warjas Nadkarni,6026834346,Talab Tillo,Jammu
CUST10998,Ayaan Pandey,9687701717,Bari Brahmana,Samba
CUST10999,Raghav Tailor,9743047526,Nowshera,Rajouri
